English,Chinese
you,你
i,我
the,这
to,到
it,它
and,和
that,那
of,的
is,是
in,在
what,什么
we,我们
me,我
this,这
he,他
for,为了
on,在
have,有
your,你的
do,做
was,曾是
no,不
not,不是
be,是
are,是
know,知道
can,能
with,和
but,但
all,全部
so,所以
just,只是
there,那里
here,这里
they,他们
like,喜欢
get,得到
she,她
go,去
if,如果
right,正确的
out,出去
about,关于
up,向上
at,在
him,他
now,现在
oh,哦
one,一
come,来
well,出色地
her,她
how,如何
yeah,是的
will,将要
got,得到
want,想
think,思考
as,作为
see,看
did,做过
good,好的
why,为什么
from,从
let,让
his,他的
yes,是的
when,什么时候
going,去
time,时间
an,一个
okay,好的
back,后退
look,看
us,我们
would,会
them,他们
where,在哪里
were,是
take,拿
then,然后
had,有
or,或者
been,到过
our,我们的
gonna,要
tell,告诉
really,真的
man,男人
some,一些
say,说
hey,嘿
could,可以
didn,没有
by,经过
need,需要
something,某物
has,有
too,也
more,更多的
way,方式
down,向下
make,制作
very,非常
never,绝不
only,仅有的
people,人们
over,超过
because,因为
little,小的
please,请
love,爱
should,应该
mean,意思是
said,说
sorry,对不起
give,给
off,离开
am,是
thank,感谢
any,任何
two,二
even,甚至
much,很多
doing,正在做
sure,当然
thing,事物
these,这些
help,帮助
first,第一的
into,进入
anything,任何事物
still,仍然
find,寻找
life,生活
nothing,没有什么
sir,先生
day,天
god,上帝
work,工作
their,他们的
uh,呃
again,再次
maybe,或许
must,必须
before,前
other,其他
wait,等待
stop,停止
call,称呼
after,后
talk,讲话
away,离开
than,比
thought,想法
home,家
night,夜晚
put,放
great,伟大的
those,那些
last,最后的
better,更好的
everything,一切
told,告诉
new,新的
things,事物
always,总是
keep,保持
long,长的
years,年
leave,离开
does,做
money,钱
around,大约
doesn,没有
name,姓名
place,地方
ever,曾经
feel,感觉
guys,伙计们
father,父亲
guy,伙计
made,制成
old,老的
which,哪个
big,大的
lot,很多
done,完毕
hello,你好
nice,好的
believe,相信
girl,女孩
someone,有人
fine,美好的
thanks,谢谢
wanted,通缉
kind,种类
coming,未来
house,房子
every,每一个
ok,好的
through,通过
being,存在
course,课程
stay,停留
left,左边
dad,爸爸
enough,足够的
happened,发生了
came,来了
may,可能
mother,母亲
wrong,错误的
world,世界
bad,坏的
might,可能
three,三
today,今天
listen,听
another,其他
understand,理解
hear,听到
remember,记住
ask,问
own,自己的
same,相同的
show,展示
else,别的
kill,杀
talking,说
found,成立
next,下一个
getting,得到
care,关心
car,车
looking,看着
son,儿子
try,尝试
woman,女士
went,去
hi,你好
dead,死的
many,许多
mind,头脑
wasn,是
friend,朋友
best,最好的
mom,妈妈
hell,地狱
morning,早晨
trying,试
boy,男生
together,一起
yourself,你自己
job,工作
saw,锯
family,家庭
real,真实的
without,没有
baby,婴儿
room,房间
wouldn,会
already,已经
move,移动
most,最多
seen,看到
live,居住
miss,错过
actually,实际上
huh,嗯
shit,拉屎
both,两个都
heard,听到
once,一次
ready,准备好
called,称为
used,用过的
idea,主意
knew,知道
hold,抓住
happy,快乐的
door,门
such,这样的
fuck,他妈的
brother,兄弟
also,还
pretty,漂亮的
bit,少量
took,拿
haven,避风港
yet,然而
men,男人
whole,所有的
start,开始
use,使用
while,尽管
since,自从
wife,妻子
days,天
guess,猜测
tomorrow,明天
matter,事情
meet,见面
bring,带来
tonight,今晚
everyone,每个人
run,跑步
wanna,想
hard,难的
ah,啊
alone,独自的
myself,我
school,学校
gone,走了
um,嗯
end,结尾
saying,说
phone,电话
play,玩
looks,看起来
couldn,可以
fucking,他妈的
problem,问题
few,很少
friends,朋友们
gotta,要
ago,前
open,打开
anyone,任何人
killed,被杀
hope,希望
face,脸
until,直到
lost,丢失的
police,警察
excuse,借口
turn,转动
business,商业
case,案件
wants,想要
says,说
die,死
heart,心
soon,很快
each,每个
worry,担心
later,之后
year,年
watch,手表
music,音乐
hand,手
having,有
probably,大概
beautiful,美丽的
doctor,医生
sit,坐
eat,吃
thinking,思维
young,年轻的
second,第二
working,在职的
water,水
person,人
part,部分
kids,孩子们
late,晚的
stuff,东西
exactly,确切地
under,在下面
death,死亡
minute,分钟
pay,支付
crazy,疯狂的
forget,忘记
everybody,大家
kid,孩子
change,改变
gave,给
happen,发生
damn,该死
five,五
drink,喝
far,远的
knows,知道
whatever,任何
eyes,眼睛
shut,关闭
aren,竞技场
taking,服用
easy,简单的
times,时代
check,查看
hands,手
minutes,分钟
deal,交易
different,不同的
means,方法
point,观点
inside,里面
makes,制作
asked,问
somebody,有人
mine,矿
making,制作
body,身体
afraid,害怕的
sleep,睡觉
chance,机会
dear,亲爱的
quite,相当
four,四个
anyway,反正
close,关闭
party,派对
fun,乐趣
against,反对
word,单词
comes,来
important,重要的
set,放
shall,将
story,故事
number,数字
daughter,女儿
least,至少
waiting,等待
hurt,伤害
wish,希望
moment,片刻
fight,斗争
week,星期
husband,丈夫
girls,女孩们
rest,休息
married,已婚
game,游戏
nobody,没有人
mr,先生
children,孩子们
side,边
stand,站立
read,读
though,尽管
cut,切
started,开始
sister,姐姐
supposed,应该
between,之间
child,孩子
goes,去
hours,小时
speak,说话
women,女性
behind,在后面
almost,几乎
truth,真相
blood,血
lady,女士
anymore,再过了
playing,玩
gets,得到
shot,射击
reason,原因
trouble,麻烦
break,休息
war,战争
city,城市
walk,走
town,镇
trust,相信
dr.,博士
met,见面
office,办公室
question,问题
brought,带来
yours,你的
welcome,欢迎
high,高的
wow,哇
couple,夫妻
half,一半
died,死了
cool,凉爽的
free,自由的
either,任何一个
seems,似乎
power,力量
whoa,哇
bye,再见
buy,买
telling,告诉
honey,蜂蜜
tried,尝试过
front,正面
team,团队
answer,回答
gun,枪
boys,男孩们
line,线
send,发送
news,消息
stupid,愚蠢的
bed,床
hurry,匆忙
full,满的
months,月份
save,节省
sometimes,有时
become,变得
along,沿着
hate,恨
food,食物
outside,外部
light,光
needs,需要
dog,狗
country,国家
clear,清除
order,命令
fact,事实
lord,主
captain,队长
six,六
hot,热的
funny,有趣的
black,黑色的
alive,活
pick,挑选
feeling,感觉
living,活的
cause,原因
ahead,先
lose,失去
king,国王
plan,计划
dinner,晚餐
sighs,叹息
sort,种类
leaving,离开
shouldn,应该
running,跑步
boss,老板
alright,好吧
promise,承诺
taken,拍摄
safe,安全的
ma,嘛
book,书
sent,发送
white,白色的
hour,小时
anybody,任何人
small,小的
perfect,完美的
cause,原因
lives,生命
special,特别的
parents,父母
john,约翰
himself,他自己
perhaps,也许
sounds,听起来
serious,严肃的
sick,生病的
company,公司
ha,哈
scared,害怕的
uncle,叔叔
poor,贫穷的
red,红色的
past,过去的
earth,地球
possible,可能的
shoot,射击
touch,触碰
sound,声音
top,顶部
ass,屁股
laughs,笑
cannot,不能
asking,问
win,赢
glad,高兴的
control,控制
hmm,唔
human,人类
drive,驾驶
hair,头发
jack,杰克
bitch,bit子
luck,运气
murder,谋杀
happens,发生
air,空气
ten,十
daddy,爸爸
finally,最后
chuckles,笑
fast,快速地
cold,寒冷的
seem,似乎
laughing,笑
words,字
hospital,医院
street,街道
hang,悬挂
dance,舞蹈
meeting,会议
till,直到
others,其他的
catch,抓住
follow,跟随
sense,感觉
sex,性别
lie,说谎
evening,晚上
master,掌握
known,已知
dream,梦
million,百万
voice,嗓音
sweet,甜的
rather,相当
felt,毛毡
sign,符号
lucky,幸运的
somewhere,某处
bet,赌注
longer,更长
calling,打电话
worked,工作
quiet,安静的
looked,看
less,较少的
pull,拉
beat,打
careful,小心
coffee,咖啡
return,返回
secret,秘密
weeks,几周
weren,糟糕
date,日期
seeing,看到
fall,落下
given,给出
ooh,哦
fault,过错
straight,直的
takes,带
song,歌曲
future,未来
gentlemen,先生们
loved,被爱
changed,改变了
road,路
calm,冷静的
wonderful,精彩的
mad,疯狂的
turned,转身
drop,降低
ladies,女士们
learn,学习
step,步
absolutely,绝对地
early,早期的
explain,解释
clean,干净的
piece,片
yesterday,昨天
throw,扔
picture,图片
land,土地
feet,脚
wonder,想知道
questions,问题
speaking,请讲
worth,值得
darling,亲爱的
dude,杜德
giving,给予
president,总统
eye,眼睛
quick,快的
moving,移动
figure,数字
state,状态
strong,强的
sam,山姆
none,没有任何
amazing,惊人的
ones,那些
works,作品
act,行为
needed,需要
weird,诡异的
law,法律
worried,担心
report,报告
goodbye,再见
missing,丢失的
choice,选择
happening,发生
chief,首席
wedding,婚礼
strange,奇怪的
general,一般的
pain,疼痛
am,是
kidding,开玩笑
decided,决定
ya,是的
pass,经过
tired,疲劳的
class,班级
officer,官
kept,保留
wake,唤醒
worse,更差
busy,忙碌的
eh,嗯
mistake,错误
kiss,吻
court,法庭
building,建筑
finish,结束
during,期间
age,年龄
ship,船
caught,捕捉
marry,结婚
meant,意思是
sell,卖
dark,黑暗的
watching,观看
system,系统
suppose,认为
evidence,证据
movie,电影
ride,骑
completely,完全地
mouth,嘴
totally,完全
birthday,生日
tv,电视
forgive,原谅
born,出生
imagine,想象
information,信息
instead,反而
definitely,确实
security,安全
certainly,当然
film,电影
month,月
lying,说谎
unless,除非
train,火车
seven,七
wear,穿
clothes,衣服
michael,迈克尔
hotel,酒店
christmas,圣诞节
attack,攻击
hasn,哈斯
round,圆形的
expect,预计
sing,唱歌
terrible,糟糕的
george,乔治
bag,包
history,历史
blue,蓝色的
near,靠近
broke,破产
station,车站
seriously,严重地
forever,永远
david,大卫
frank,坦率
except,除了
thinks,想
message,信息
entire,全部的
joe,乔
table,桌子
talked,说话
across,穿过
rock,岩石
lovely,迷人的
handle,处理
middle,中间
buddy,伙伴
paid,有薪酬的
protect,保护
using,使用
floor,地面
ran,跑
swear,发誓
spend,花费
situation,情况
ring,戒指
anywhere,任何地方
dangerous,危险的
bill,账单
york,约克
army,军队
lead,带领
bought,买
finished,完成的
fair,公平的
sun,太阳
letter,信
fool,傻子
attention,注意力
club,俱乐部
simple,简单的
interesting,有趣的
space,空间
test,测试
box,盒子
group,团体
single,单身的
sitting,坐着
marriage,婚姻
join,加入
fear,害怕
peace,和平
forgot,忘记
force,力量
short,短的
normal,普通的
charlie,查理
present,展示
enjoy,享受
mike,麦克风
crime,犯罪
horse,马
ground,地面
american,美国人
count,数数
area,区域
charge,收费
honor,荣誉
lunch,午餐
miles,英里
radio,收音机
idiot,笨蛋
ball,球
surprise,惊喜
paper,纸
key,钥匙
boat,船
quickly,迅速地
gold,金子
bar,酒吧
fish,鱼
mark,标记
tom,汤姆
wearing,穿着
crying,哭
accident,事故
government,政府
eight,八
fell,跌倒
cover,覆盖
certain,肯定
interested,感兴趣的
deep,深的
star,星星
sea,海
agree,同意
problems,问题
detective,侦探
prison,监狱
major,主要的
stick,戳
offer,提供
difficult,难的
smart,聪明的
personal,个人的
record,记录
stopped,停了下来
hide,隐藏
whether,无论
bank,银行
trip,旅行
relax,放松
america,美国
public,民众
list,列表
afternoon,下午
brain,脑
fix,使固定
bastard,混蛋
proud,自豪的
tea,茶
service,服务
screaming,尖叫
forward,向前
angry,生气的
park,公园
soul,灵魂
fighting,斗争
peter,彼得
rich,富有的
agent,代理人
blow,吹
paul,保罗
dress,裙子
mary,玛丽
missed,错过
scene,场景
killing,杀人
standing,常设
saved,保存
mm,毫米
respect,尊重
killer,杀手
ice,冰
mess,混乱
tough,艰难的
feels,感觉
church,教会
sad,伤心
cell,细胞
drunk,醉
share,分享
camera,相机
within,之内
card,卡片
fly,飞
ben,本
girlfriend,女朋友
laugh,笑
smell,闻
broken,破碎的
mum,妈妈
honest,诚实的
often,经常
starting,开始
calls,呼叫
spent,花费
third,第三
english,英语
visit,访问
mama,妈妈
judge,法官
window,窗户
hungry,饥饿的
dare,敢
relationship,关系
moved,移动
prove,证明
private,私人的
wall,墙
seat,座位
i-i,我 - 我
position,位置
lieutenant,中尉
realize,意识到
lt,上尉
especially,尤其
machine,机器
walking,步行
art,艺术
pleasure,乐趣
bloody,血腥
college,大学
french,法语
involved,涉及
cry,哭
became,变成了
lived,生活
impossible,不可能的
obviously,明显地
neither,两者都不
accept,接受
boyfriend,男朋友
besides,除了
queen,女王
teacher,老师
cops,警察
sake,清酒
loves,爱
carry,携带
teach,教
apartment,公寓
upset,沮丧的
green,绿色的
la,洛杉矶
cute,可爱的
evil,邪恶的
professor,教授
contact,接触
joke,玩笑
cop,警察
huge,巨大的
holy,圣
store,店铺
jail,监狱
likes,喜欢
lawyer,律师
doubt,怀疑
continue,继续
appreciate,欣赏
cat,猫
shop,店铺
congratulations,恭喜
wrote,写
village,村庄
quit,辞职
field,场地
james,詹姆士
wine,葡萄酒
decision,决定
south,南
sleeping,睡眠
slow,慢的
laughter,笑声
island,岛
glass,玻璃
beginning,开始
cash,现金
dying,垂死
hundred,百
whose,谁的
difference,不同之处
plane,飞机
push,推
continues,继续
mmm,嗯
singing,唱歌
eating,吃
north,北
mrs,太太
tree,树
madam,女士
gift,礼物
truck,卡车
putting,推杆
bear,熊
board,木板
grab,抓住
stuck,卡住
magic,魔法
support,支持
grunts,咕unt
partner,伙伴
reach,抵达
wind,风
colonel,上校
max,最大限度
immediately,立即地
seconds,秒
thousand,千
gives,给予
experience,经验
cheers,干杯
victim,受害者
upon,之上
computer,电脑
christ,基督
planet,行星
promised,答应
bus,公共汽车
henry,亨利
dirty,肮脏的
search,搜索
staying,留下来
dreams,梦
arrest,逮捕
holding,保持
suddenly,突然
usually,通常
lots,很多
shoes,鞋
er,嗯
jump,跳
rid,骑
yo,哟
knock,敲
owe,欠
harry,哈利
grow,生长
worst,最糟糕的
river,河
aunt,阿姨
patient,病人
kitchen,厨房
aah,啊
fat,胖的
passed,通过
final,最终的
summer,夏天
bob,鲍勃
listening,听
escape,逃脱
everywhere,到处
moon,月亮
arms,武器
turns,转
address,地址
ow,哦
match,匹配
gasps,喘气
grand,盛大
yep,是的
shh,嘘
nervous,紧张的
de,de
choose,选择
themselves,他们自己
decide,决定
mate,伴侣
drinking,喝
press,按
bother,打扰
foot,脚
hadn,哈德
blame,责备
crap,废话
drugs,毒品
type,类型
rings,戒指
mission,使命
named,命名
heaven,天堂
picked,采摘
paris,巴黎
race,种族
risk,风险
books,图书
further,更远
danny,丹尼
action,行动
allowed,允许
orders,命令
learned,学到了
price,价格
arrived,到达的
nick,缺口
otherwise,否则
pictures,图片
fit,合身
smoke,抽烟
favor,恩宠
played,玩
notice,注意
awesome,惊人的
smile,微笑
director,导演
guard,警卫
begin,开始
spot,点
surprised,惊讶
innocent,清白的
narrator,叙述者
herself,她自己
london,伦敦
feelings,情怀
enemy,敌人
battle,战斗
ourselves,我们自己
alex,亚历克斯
dollars,美元
allow,允许
nine,九
gay,同性恋
department,部门
guilty,有罪的
apart,分开
earlier,较早
duty,责任
jim,吉姆
suit,套装
bell,钟
west,西方
legs,腿
hero,英雄
destroy,破坏
stage,阶段
bunch,束
according,根据
chicken,鸡
bigger,大
low,低的
helping,帮助
admit,承认
closed,关闭
names,名称
witness,证人
upstairs,楼上
arm,手臂
steal,偷
jimmy,吉米
kick,踢
twice,两次
cross,叉
ways,方法
sergeant,军士
indeed,的确
gas,气体
keeping,保持
energy,活力
pregnant,孕
waste,浪费
helped,帮助
fired,开火
favorite,最喜欢的
tony,托尼
taste,品尝
locked,锁定
places,地方
writing,写作
adam,亚当
brothers,兄弟
starts,开始
prince,王子
form,形式
sold,卖
silly,愚蠢的
mention,提到
build,建造
throat,喉
hole,洞
figured,弄清楚
track,追踪
ringing,铃声
lock,锁
leg,腿
above,多于
hiding,隐藏
steve,史蒂夫
seemed,似乎
breakfast,早餐
engine,引擎
written,书面
complete,完全的
video,视频
applause,掌声
however,然而
pressure,压力
fresh,新鲜的
weapon,武器
sky,天空
ms.,多发性硬化症。
stole,偷了
study,学习
burn,烧伤
reading,阅读
crowd,人群
treat,对待
roll,卷
double,双倍的
spirit,精神
danger,危险
cost,成本
empty,空的
level,等级
memory,记忆
itself,本身
acting,表演
interest,兴趣
nose,鼻子
plans,计划
following,下列的
bathroom,浴室
built,建造
closer,靠近
ray,射线
sarah,莎拉
band,乐队
apparently,显然
excited,兴奋的
richard,理查德
losing,失去
animals,动物
flight,航班
nature,自然
raise,增加
pop,流行音乐
client,客户
bomb,炸弹
neck,脖子
suspect,怀疑
warm,温暖的
extra,额外的
bottle,瓶子
van,面包车
heavy,重的
mommy,妈妈
dogs,小狗
wild,荒野
ridiculous,荒谬的
simply,简单地
lee,李
animal,动物
showed,显示
billy,比利
shooting,射击
keeps,保持
camp,营
guns,枪
medical,医疗的
shame,耻辱
hoping,希望
whom,谁
bird,鸟
majesty,威严
flowers,花朵
famous,著名的
asleep,睡着了
beauty,美丽
driver,司机
keys,钥匙
rain,雨
awful,可怕
large,大的
local,当地的
deserve,应得
goddamn,该死
stone,石头
jane,简
grace,优雅
consider,考虑
weekend,周末
wondering,想知道
lay,放置
plenty,很多
willing,愿意的
pants,裤子
sweetheart,亲爱的
skin,皮肤
excellent,出色的
asshole,混蛋
beach,海滩
faith,信仰
beg,求
fuckin,他妈的
responsible,负责任的
military,军队
cheering,欢呼
opportunity,机会
common,常见的
bottom,底部
german,德语
whoever,谁
cook,厨师
walked,走路
papers,文件
justice,正义
hall,大厅
commander,指挥官
drug,药品
main,主要的
knife,刀
devil,魔鬼
necessary,必要的
although,虽然
princess,公主
lights,灯
flying,飞行
dick,迪克
rose,玫瑰
knowing,会心
clearly,清楚地
hat,帽子
agreed,同意
johnny,约翰尼
corner,角落
code,代码
note,笔记
tommy,汤米
due,到期的
correct,正确的
apologize,道歉
language,语言
stars,星星
faster,快点
cars,汽车
folks,伙计们
bullshit,废话
i.,我。
fellow,家伙
several,一些
grandma,奶奶
shows,显示
leader,领导者
leaves,树叶
restaurant,餐厅
east,东方
shouting,大喊
blind,瞎的
ghost,鬼
cup,杯子
gotten,得到
tight,紧的
conversation,对话
tells,告诉
lies,撒谎
nor,也不
pulled,拉
hanging,绞刑
speed,速度
stories,故事
health,健康
advice,建议
held,握住
uh-huh,嗯
murdered,被谋杀
beyond,超过
rule,规则
hardly,几乎不
possibly,可能
inspector,检查员
cousin,表哥
trial,审判
emergency,紧急情况
ought,应该
eddie,埃迪
somehow,不知何故
hearing,听力
states,状态
account,帐户
spoke,辐
file,文件
understood,理解
angel,天使
tape,磁带
milk,牛奶
powerful,强大的
weapons,武器
practice,实践
manager,经理
pardon,赦免
vote,投票
jake,杰克
national,国家的
career,职业
minister,部长
super,极好的
taught,教
robert,罗伯特
biggest,最大
plays,播放
natural,自然的
dancing,跳舞
copy,复制
plus,加
martin,马丁
cake,蛋糕
freedom,自由
among,之中
breath,呼吸
operation,手术
chris,克里斯
crew,全体人员
challenge,挑战
market,市场
meat,肉
towards,向
bringing,带来
dropped,掉了
student,学生
lied,撒谎
strength,力量
size,尺寸
breathe,呼吸
color,颜色
monster,怪物
loud,大声
photo,照片
aw,噢
nearly,几乎
sight,视线
greatest,最伟大
games,游戏
bridge,桥
dressed,穿着
arrested,被捕
horrible,可怕
coach,教练
planning,规划
checked,检查
breaking,破裂
noticed,注意到
fantastic,极好的
screams,尖叫
serve,服务
ideas,想法
investigation,调查
center,中心
older,年龄较大
pack,盒
soldiers,士兵
nonsense,废话
project,项目
training,训练
example,例子
prepared,准备
science,科学
united,团结的
travel,旅行
incredible,极好的
grandpa,爷爷
paying,付款
character,特点
teeth,牙齿
criminal,刑事
charles,查尔斯
chinese,中国人
truly,真的
honestly,诚实地
bro,兄弟
survive,存活
bobby,鲍比
target,目标
feed,喂养
nurse,护士
fake,伪造的
records,记录
breathing,呼吸
sweetie,亲爱的
numbers,数字
oil,油
suicide,自杀
belong,属于
whoo,哇
perfectly,完美
amy,艾米
forgotten,忘记了
remain,保持
original,原来的
papa,爸爸
onto,上
concerned,担心的
credit,信用
ugh,啊
invited,被邀请
discuss,讨论
research,研究
easier,更轻松
view,看法
chair,椅子
hurts,受伤
strike,罢工
roger,罗杰
fill,充满
condition,状况
mountain,山
dr,博士
nowhere,无处
sheriff,警长
kim,金
turning,转身
brown,棕色的
recognize,认出
heads,头
audience,观众
all,全部
jealous,嫉妒的
pretend,假装
society,社会
finding,发现
shirt,衬衫
comfortable,舒服的
meaning,意义
guest,客人
pieces,件
dry,干燥
letting,让
began,开始
aye,是的
jeff,杰夫
female,女性
release,发布
ho,何
cards,牌
pray,祈祷
unfortunately,很遗憾
balls,球
destroyed,被摧毁
ended,结束
universe,宇宙
prepare,准备
opinion,观点
movies,电影
soldier,士兵
wash,洗
program,程序
heat,热
usual,通常
ticket,票
stolen,被盗
prefer,更喜欢
aware,意识到的
surely,一定
male,男性
base,根据
matters,很重要
lift,举起
lab,实验室
command,命令
proof,证明
cream,奶油
selling,出售
believed,相信
create,创造
afford,买得起
sunday,星期日
total,全部的
dumb,哑的
threw,扔
france,法国
birth,出生
created,创建
realized,实现
british,英国人
noise,噪音
nuts,坚果
students,学生
birds,鸟类
social,社会的
brilliant,杰出的
bodies,身体
tie,领带
opened,打开
ours,我们的
bucks,雄鹿
kevin,凯文
mister,先生
ugly,丑陋的
focus,重点
dan,担
opens,打开
exist,存在
followed,紧随其后
england,英国
draw,画
purpose,目的
letters,信件
daniel,丹尼尔
opening,开场
bullet,子弹
anna,安娜
lately,最近
stayed,留下来
falling,跌倒
season,季节
ends,结束
suggest,建议
joy,喜悦
distance,距离
responsibility,责任
whenever,每当
issue,问题
thousands,成千上万
process,过程
sword,剑
shower,淋浴
weak,虚弱的
fucked,性交
lonely,孤独
happiness,幸福
eric,埃里克
tiny,微小的
desk,桌子
pool,水池
property,财产
forced,强迫
settle,定居
indistinct,模糊
weight,重量
received,已收到
gang,帮派
bite,咬
friday,星期五
disappeared,消失了
interview,面试
expecting,期待
kinda,有点
surgery,外科手术
horses,马匹
mayor,市长
babe,宝贝
ancient,古老的
handsome,英俊的
thomas,托马斯
saturday,周六
staff,职员
lines,线
unit,单元
fan,扇子
gentleman,绅士
introduce,介绍
fate,命运
split,分裂
recently,最近
expected,预期的
add,添加
ordered,订购
slowly,慢慢地
alarm,警报
member,成员
slept,睡觉
signed,签
enter,进入
spanish,西班牙语
garden,花园
brings,带来
brave,勇敢的
pig,猪
model,模型
finger,手指
medicine,药品
access,使用权
failed,失败的
flat,平坦的
easily,容易地
discovered,发现
based,基于
screw,拧紧
insane,疯狂的
cares,在乎
weather,天气
fingers,手指
san,圣
scott,斯科特
path,小路
soft,柔软的
harm,伤害
style,风格
community,社区
sees,看到
basically,基本上
signal,信号
nope,没有
spare,空闲的
speech,演讲
covered,覆盖
shake,摇
loose,松动的
snow,雪
russian,俄语
lake,湖
bright,明亮的
roof,屋顶
ohh,哦
sending,发送
paint,画
remind,提醒
pal,朋友
naked,裸
post,邮政
sugar,糖
streets,街道
damage,损害
silence,安静
doors,门
pete,皮特
success,成功
wet,湿的
nah,不
amount,数量
members,成员
kate,凯特
manage,管理
safety,安全
returned,回
harder,更难
fbi,联邦调查局
block,堵塞
showing,展示
fancy,想要
chef,厨师
contract,合同
dig,挖
chest,胸部
good-bye,再见
drinks,饮料
dave,戴夫
buried,被埋葬
brian,布莱恩
trade,贸易
journey,旅行
stomach,胃
changes,变化
details,细节
thoughts,想法
divorce,离婚
funeral,葬礼
maria,玛丽亚
football,足球
reality,现实
theory,理论
gosh,天哪
ruined,毁了
gate,门
william,威廉
spread,传播
japanese,日本人
sudden,突然
coat,外套
sooner,更早
cheese,奶酪
larry,拉里
spring,春天
page,页
ears,耳朵
simon,西蒙
castle,城堡
hidden,隐
storm,风暴
personally,亲自
artist,艺术家
hill,爬坡道
exciting,令人兴奋
permission,允许
jerry,杰瑞
expensive,昂贵的
tickets,门票
forest,森林
barely,仅仅
eggs,蛋
goin,进去
regret,后悔
lesson,课
lover,情人
bread,面包
andy,安迪
subject,主题
legal,合法的
growing,生长
ill,患病的
jason,杰森
mood,情绪
owner,所有者
caused,引起
beeping,哔哔声
points,点
dating,约会
loss,损失
secretary,秘书
revenge,复仇
santa,圣诞老人
likely,可能
rent,租
connection,联系
assistant,助手
reasons,原因
yelling,大喊
painting,绘画
trees,树木
doctors,医生
rush,匆忙
foreign,外国的
rough,粗糙的
murderer,凶手
century,世纪
nights,夜晚
pair,一对
runs,运行
pocket,口袋
matt,马特
bike,自行车
obvious,明显的
ate,吃
grew,成长
professional,专业的
tim,蒂姆
goodness,天哪
parts,部分
alan,艾伦
university,大学
square,正方形
grandfather,祖父
europe,欧洲
genius,天才
cases,案例
ruin,废墟
winter,冬天
tongue,舌头
memories,回忆
da,da
buying,购买
cancer,癌症
clock,钟
ocean,海洋
dna,脱氧核糖核酸
liar,说谎者
tour,旅游
thief,贼
bleep,爆裂
lisa,丽莎
rights,权利
including,包括
competition,竞赛
smith,史密斯
planned,计划
emily,艾米丽
boring,无聊的
victims,受害者
mentioned,提及
bones,骨头
plant,植物
bless,保佑
warning,警告
knocking,敲门
re,关于
crash,碰撞
bedroom,卧室
lower,降低
silver,银
madame,夫人
defense,防御
results,结果
toilet,洗手间
event,事件
complicated,复杂的
shape,形状
priest,牧师
royal,皇家
cheap,便宜的
romantic,浪漫的
downstairs,楼下
invite,邀请
fortune,财富
tears,眼泪
avoid,避免
reached,到达
higher,更高
familiar,熟悉的
telephone,电话
burning,燃烧
filled,填充
kelly,凯利
alice,爱丽丝
airport,飞机场
jobs,工作
grown,长大的
walter,沃尔特
rachel,瑞秋
giant,巨大的
insurance,保险
woods,树木
scare,吓
pleased,很高兴
period,时期
political,政治的
player,球员
stops,停下来
secrets,秘密
laura,劳拉
repeat,重复
photos,相片
finds,找到
statement,陈述
suck,吮吸
younger,更年轻
china,中国
humans,人类
delicious,可口的
particular,特别的
proper,恰当的
rome,罗马
belongs,属于
attacked,受到攻击
bath,洗澡
hired,雇用
site,地点
knowledge,知识
led,引领
guests,客人
celebrate,庆祝
map,地图
horn,喇叭
eventually,最终
pity,遗憾
powers,权力
ashamed,羞愧
assume,认为
glasses,眼镜
rise,上升
fixed,固定的
request,要求
officers,长官
pounds,磅
data,数据
carefully,小心
per,每
depends,依靠
jury,陪审团
waited,等待
positive,积极的
attorney,律师
direction,方向
families,家庭
clock,钟
doin,做
forces,军队
location,地点
walls,墙
useless,无用
grant,授予
saving,保存
speaks,说话
fought,战斗
meal,一顿饭
deliver,递送
answers,答案
changing,更改
temple,寺庙
scary,可怕的
millions,百万
offered,提供
regular,常规的
carrying,携带
official,官方的
jacket,夹克
switch,转变
grave,坟
chase,追赶
role,角色
odd,奇怪的
sexy,性感
faces,面孔
closes,关闭
badly,糟糕
tall,高的
confused,使困惑
affair,事务
television,电视
shock,震惊
raised,上调
panting,气喘吁吁
pizza,比萨
image,图像
clears,清除
golden,金的
patients,患者
watched,看着
committed,坚定的
sexual,性
suffer,遭受
arthur,亚瑟
wherever,无论何处
plate,盘子
appear,出现
chocolate,巧克力
clever,聪明的
hm,嗯
mercy,怜悯
shots,镜头
lucy,露西
dealing,交易
trap,陷阱
charges,指控
phil,菲尔
bang,砰
poison,毒
butt,屁股
drove,开车
yourselves,你自己
headed,头
babies,婴儿
yellow,黄色的
soup,汤
mystery,神秘
picking,采摘
sat,坐着
wound,伤口
traffic,交通
courage,勇气
hunt,打猎
indian,印度人
rat,鼠
terms,术语
italian,意大利人
emma,艾玛
checking,检查
disease,疾病
managed,管理
winner,优胜者
council,理事会
appointment,预约
monday,周一
crack,裂缝
threat,威胁
jenny,珍妮
physical,身体的
nation,国家
source,来源
chose,选择
healthy,健康
carl,卡尔
victory,胜利
rick,里克
stood,站了起来
kicked,踢了
annie,安妮
disgusting,令人作呕
palace,宫
below,以下
shopping,购物
neighborhood,邻里
march,行进
lips,嘴唇
midnight,午夜
piss,小便
advantage,优势
pure,纯的
india,印度
aside,在旁边
jerk,混蛋
mail,邮件
dawn,黎明
effect,影响
spell,拼写
freak,怪物
wood,木头
screwed,拧
enemies,敌人
gary,加里
awake,苏醒
chuckling,笑
vacation,假期
violence,暴力
leo,狮子座
grandmother,祖母
luke,卢克
firm,公司
prime,主要的
heh,呵呵
touched,触摸
talent,天赋
whore,妓女
piano,钢琴
license,执照
cooking,烹饪
honour,荣誉
concern,忧虑
moves,移动
available,可用的
factory,工厂
gods,神
value,价值
central,中央
union,联盟
mirror,镜子
studio,工作室
media,媒体
taxi,出租车
dies,死亡
iron,铁
hearts,心
desire,欲望
rob,抢
claire,克莱尔
fred,弗雷德
songs,歌曲
washington,华盛顿
monkey,猴
pride,自豪
pills,药丸
miracle,奇迹
swim,游泳
burned,被烧毁
smells,闻起来
joking,开玩笑
christian,基督教
bleeding,流血的
hook,钩
beating,跳动
protection,保护
treatment,治疗
ear,耳朵
carter,卡特
metal,金属
disappear,消失
grateful,感激的
extremely,极其
treasure,宝藏
rescue,救援
capable,有能力的
passing,通过
chatter,喋喋不休
result,结果
suffering,痛苦
sisters,姐妹
laid,铺设
governor,州长
guards,守卫
louis,路易
text,文本
literally,字面上地
remove,消除
becoming,变得
performance,表现
stronger,更强
rate,速度
scream,尖叫
desert,沙漠
vehicle,车辆
illegal,非法的
pulling,拉
throwing,投掷
josh,乔什
unbelievable,难以置信
ted,泰德
zero,零
dean,院长
curious,好奇的
sean,肖恩
candy,糖果
bone,骨
tied,捆扎
edge,边缘
load,加载
susan,苏珊
ahh,啊
mountains,山
boom,繁荣
former,以前的
holiday,假期
riding,骑术
scoffs,嘲笑
hundreds,数百个
motherfucker,混蛋
sue,起诉
bags,包
stealing,偷窃
appears,出现
arrive,到达
remains,遗迹
decent,体面的
issues,问题
tip,提示
fail,失败
bride,新娘
pissed,生气
penny,一分钱
claim,宣称
friendship,友谊
desperate,绝望的
flower,花
dramatic,戏剧性
refuse,拒绝
solve,解决
theme,主题
loving,爱
properly,适当地
dragon,龙
mostly,大多
chuck,查克
directly,直接地
surface,表面
cast,投掷
junior,初级
hunting,打猎
silent,沉默的
thou,你
egg,蛋
germany,德国
punch,冲床
africa,非洲
woke,唤醒
intelligence,智力
borrow,借
winning,获胜
falls,下降
popular,受欢迎的
escaped,逃脱了
witch,巫婆
warn,警告
announcer,播音员
champagne,香槟酒
dust,灰尘
kyle,凯尔
someday,有一天
fallen,堕落
stranger,陌生人
presence,在场
tear,眼泪
st.,英石。
internet,互联网
monsieur,先生
therefore,所以
technology,技术
tires,轮胎
toast,烤面包
wise,明智的
clark,克拉克
americans,美国人
notes,笔记
smoking,抽烟
hank,汉克
ls,LS
april,四月
wolf,狼
precious,宝贵的
rooms,房间
coast,海岸
treated,治疗
material,材料
released,发行
uniform,制服
hated,讨厌
considered,经过考虑的
rice,米
exchange,交换
steps,脚步
blake,布莱克
convince,说服
beast,兽
cow,奶牛
files,文件
signs,标志
drag,拖
cab,出租车
hung,悬挂
carried,携带的
ordinary,普通的
successful,成功的
eve,前夕
mistakes,错误
chattering,chat不休
brains,大脑
japan,日本
creature,生物
fourth,第四
separate,分离
cleaning,打扫
california,加利福尼亚
lf,如果
ll,二
shift,转移
elizabeth,伊丽莎白
chicago,芝加哥
exact,精确的
karen,卡伦
goal,目标
expert,专家
served,服务
direct,直接的
score,分数
row,排
marks,分数
twenty,二十
receive,收到
series,系列
section,部分
pilot,飞行员
jackson,杰克逊
darkness,黑暗
thy,你
sale,销售
destiny,命运
cure,治愈
spoken,说
armed,武装
rare,稀有的
helen,海伦
grade,年级
wide,宽的
tower,塔
solution,解决方案
schedule,日程
explosion,爆炸
wheel,车轮
cigarette,香烟
julie,朱丽叶
fruit,水果
blew,吹
victor,胜利者
talks,会谈
sacrifice,牺牲
range,范围
button,按钮
reports,报告
prisoner,囚犯
pie,馅饼
effort,努力
youth,青年
pot,锅
eaten,吃过
taylor,泰勒
knees,膝盖
garage,车库
parking,停車處
ambulance,救护车
staring,凝视
chances,机会
circumstances,情况
sin,罪
gordon,戈登
progress,进步
unusual,异常
county,县
stairs,楼梯
campaign,活动
mon,周一
vision,想象
reporter,记者
equipment,设备
moments,时刻
joey,乔伊
mass,大量的
alien,外星人
trapped,被困
helps,帮助
route,路线
defend,保卫
trace,痕迹
nasty,可恶的
tests,测试
magazine,杂志
rocks,岩石
dump,倾倒
rude,粗鲁的
searching,搜索
clue,线索
connected,连接的
amen,阿们
pushed,推
merry,快乐
zone,区
senior,高级的
closing,关闭
freeze,冻结
emperor,皇帝
incident,事件
snake,蛇
mexico,墨西哥
lily,百合
actor,演员
newspaper,报纸
sentence,句子
greg,格雷格
leading,领导
friendly,友好的
jones,琼斯
chosen,选择
engaged,已订婚的
julia,朱莉娅
charming,迷人
mustn,必须
anger,愤怒
spending,开支
learning,学习
spy,间谍
sharp,锋利的
shadow,阴影
warrant,保证
elevator,电梯
kingdom,王国
ricky,瑞奇
jamie,杰米
squad,队
shoulder,肩膀
wave,海浪
amanda,阿曼达
highness,高度
kinds,种类
fishing,钓鱼
sometime,有时
attitude,态度
sucks,糟透了
negative,消极的
screen,屏幕
workers,工人
bored,无聊的
cameras,相机
similar,相似的
understanding,理解
beeps,哔哔声
chain,链
bull,公牛
gasping,喘着粗气
fully,完全
robin,罗宾
collect,收集
gorgeous,华丽的
morgan,摩根
passion,热情
writer,作家
empire,帝国
international,国际的
curse,诅咒
hire,聘请
bastards,混蛋
puts,推杆
leads,铅
id,ID
blows,打击
sons,儿子
estate,财产
customers,顾客
maggie,劣质煤
gunshot,枪声
i-,我-
device,设备
troops,军队
hug,拥抱
design,设计
movement,移动
thunder,雷
object,目的
loser,失败者
pen,笔
sobbing,抽泣
politics,政治
despite,尽管
alcohol,酒精
climb,爬
clients,客户
conference,会议
provide,提供
marty,马蒂
seek,寻找
witnesses,目击者
earn,赚
trash,垃圾
valley,谷
fashion,时尚
howard,霍华德
episode,插曲
prize,奖
previously,之前
sports,运动的
wanting,想要
debt,债务
wishes,愿望
hitler,希特勒
wire,金属丝
thee,你
circle,圆圈
approach,方法
stock,库存
facts,事实
remembered,记得
percent,百分
normally,通常情况下
tail,尾巴
joined,加入
education,教育
bravo,布拉沃
library,图书馆
rape,强奸
wings,翅膀
growling,咆哮
thrown,扔
tank,坦克
exhales,呼气
authority,权威
current,当前的
failure,失败
nightmare,恶梦
hitting,打
glory,荣耀
knocked,敲
studying,研究
barry,巴里
agency,机构
apple,苹果
border,边界
duck,鸭子
reputation,名声
confidence,信心
yard,院子
beloved,心爱
lack,缺少
actual,实际的
skills,技能
films,电影
mental,精神的
salt,盐
flesh,肉
anne,安妮
secure,安全的
highly,高度
federal,联邦
sand,沙
emotional,情绪化
setting,环境
nothin,没什么
senator,参议员
services,服务
robbery,抢劫
hates,讨厌
fed,喂养
reward,报酬
theater,剧院
johnson,约翰逊
commit,犯罪
patrick,帕特里克
entirely,完全
extraordinary,非凡的
ships,船
opposite,对面的
parties,派对
stands,站立
terry,特里
chat,聊天
events,事件
mummy,木乃伊
bay,湾
slip,滑
disappointed,失望的
settled,定居
begins,开始
andrew,安德鲁
detail,细节
pink,粉色的
fellas,小伙子
accepted,公认
background,背景
garbage,垃圾
panic,恐慌
minds,头脑
belt,腰带
blowing,吹
hollywood,好莱坞
agreement,协议
jackie,杰基
pushing,推动
ability,能力
tiger,老虎
whispering,耳语
culture,文化
saint,圣
jesse,杰西
task,任务
solid,坚硬的
doll,玩具娃娃
district,区
pa,PA
gee,哎呀
custody,保管
ignore,忽略
naturally,自然
useful,有用
attempt,试图
abandoned,弃
cutting,切割
kissed,亲吻
guarantee,保证
barking,叫声
gather,收集
policy,政策
u.s.,我们。
violent,暴力
maid,女佣
embarrassing,尴尬
childhood,童年
wasting,浪费
bow,弓
chick,小鸡
sara,萨拉
disaster,灾难
revolution,革命
online,在线的
f,F
demon,恶魔
heavily,沉重
coincidence,巧合
perform,履行
thin,薄的
terrific,了不起
mac,苹果
crown,王冠
identity,身份
virgin,处女
impressive,感人的
windows,视窗
no-one,没有人
potential,潜在的
guitar,吉他
committee,委员会
dozen,打
delivery,送货
advance,进步
quietly,悄悄
stan,斯坦
teaching,教学
hunter,猎人
latest,最新的
hurting,受伤
swing,摇摆
capital,首都
counting,数数
drew,德鲁
dirt,污垢
whistle,哨
marie,玛丽
hits,命中
doug,道格
deny,否定
urgent,紧迫的
threatened,威胁
behavior,行为
molly,莫莉
mixed,混合
stays,留下来
assure,保证
subtitles,字幕
explanation,解释
wins,胜利
unique,独特的
chasing,追逐
billion,十亿
duke,公爵
production,生产
slave,奴隶
agents,代理商
carol,颂歌
lets,让我们
cruel,残忍的
mask,面具
sally,莎莉
behave,表现
bury,埋葬
massive,大量的
pathetic,可怜的
species,物种
jo,乔
loan,贷款
struggle,斗争
dish,盘子
trusted,值得信赖
jumped,跳了起来
firing,射击
channel,渠道
abby,艾比
stopping,停下来
asks,问
jean,让
swimming,游泳
daily,日常的
basement,地下室
linda,琳达
quarter,四分之一
erm,恩
bound,边界
navy,海军
article,文章
guide,指导
accused,被告
transfer,转移
guts,胆量
quality,质量
fella,小伙子
roman,罗马
greater,更大
damned,该死的
couch,长椅
cheer,欢呼
vegas,拉斯维加斯
shoe,鞋
title,标题
shy,害羞的
punishment,惩罚
los,洛斯
clicks,点击
you,你
closet,壁橱
bye-bye,再见
fever,发烧
coward,懦夫
flash,闪光
impressed,印象深刻
bruce,布鲁斯
siren,警笛
prisoners,囚犯
sides,边
bowl,碗
katie,凯蒂
supply,供应
sensitive,敏感的
hopefully,希望
rolling,滚动
roy,罗伊
dollar,美元
tone,语气
voices,声音
cheating,作弊
confess,承认
demand,要求
museum,博物馆
unknown,未知
drama,戏剧
suspicious,可疑的
adult,成人
todd,托德
frightened,受惊
warned,警告
steady,稳定的
kills,杀人
crossed,交叉
lou,娄
particularly,特别
sandwich,三明治
laws,法律
joint,联合的
bullets,子弹
package,包裹
trained,训练有素
thursday,周四
boots,靴子
possibility,可能性
albert,阿尔伯特
civil,民事
june,六月
germans,德国人
baseball,棒球
express,表达
miserable,悲惨的
tuesday,周二
parker,帕克
lion,狮子
joseph,约瑟夫
refused,拒绝
shine,闪耀
assault,突击
hong,洪
jokes,笑话
breaks,休息
argue,争论
you-,你-
trail,踪迹
option,选项
recall,记起
mighty,强大
collection,收藏
oliver,奥利弗
wilson,威尔逊
accent,口音
believes,相信
decisions,决定
embarrassed,尴尬的
mobile,移动的
customer,顾客
terribly,可怕
sec,秒
charity,慈善机构
considering,考虑
pussy,猫
donna,唐娜
protecting,保护
flag,旗帜
kidnapped,绑架
italy,意大利
balance,平衡
creatures,生物
nuclear,核
wallet,钱包
shout,喊
vincent,文森特
entered,输入
impression,印象
angela,安吉拉
jay,周杰伦
degrees,学位
favour,恩宠
reaction,反应
network,网络
jessica,杰西卡
version,版本
concert,音乐会
gear,齿轮
singer,歌手
diamond,钻石
defeat,打败
steven,史蒂文
lane,车道
blast,爆破
wounded,受伤
anytime,任何时候
partners,伙伴
ages,年龄
charlotte,夏洛特
ceremony,仪式
league,联盟
bars,酒吧
orange,橙子
specific,具体的
conditions,状况
plastic,塑料
crisis,危机
fifth,第五
term,学期
self,自己
offering,奉献
bud,芽
suffered,受苦
reported,报告
commissioner,专员
rip,RIP
mysterious,神秘
entrance,入口
messed,混乱
tunnel,隧道
designed,设计
neighbor,邻居
aboard,船上
sweat,汗
justin,贾斯汀
ghosts,鬼
crimes,犯罪
costs,费用
deserves,应得的
dreaming,做梦
bust,摔碎
teddy,泰迪熊
kong,孔
messages,消息
enjoying,享受
afterwards,然后
comfort,舒适
mason,石匠
surrender,投降
gym,健身房
kitty,猫咪
crush,压碎
yup,是的
arranged,布置
suits,西装
pee,撒尿
stress,压力
cave,洞穴
wing,翅膀
jordan,约旦
arrange,安排
comrade,同志
noble,高贵
tricks,技巧
betty,贝蒂
launch,发射
legend,传奇
mix,混合
golf,高尔夫球
imagination,想像力
fox,狐狸
kissing,接吻
butter,黄油
tax,税
gross,总的
edward,爱德华
texas,德克萨斯州
insist,坚持
marcus,马库斯
classic,经典的
selfish,自私
skull,颅骨
frankie,弗兰基
shown,显示
bat,蝙蝠
survived,幸存
print,打印
champion,冠军
bills,账单
therapy,治疗
lifetime,寿命
throughout,自始至终
a.m.,是。
nathan,内森
toward,走向
sauce,酱
experiment,实验
margaret,玛格丽特
describe,描述
ross,罗斯
grass,草
cheat,欺骗
attend,出席
homework,家庭作业
lewis,刘易斯
betrayed,出卖了
servant,仆人
cap,帽
tyler,泰勒
practically,几乎
catherine,凯瑟琳
steel,钢
wipe,擦拭
burns,烧伤
generation,一代
cabin,舱
financial,金融的
industry,行业
bond,纽带
sheep,羊
scientists,科学家们
beaten,殴打
heck,哎呀
deck,甲板
fans,粉丝
script,脚本
brand,品牌
degree,程度
painful,痛苦
coughing,咳嗽
religion,宗教
cats,猫
stephen,斯蒂芬
influence,影响
fuel,燃料
drawing,绘画
uh-oh,嗯
rabbit,兔子
exercise,锻炼
attractive,吸引人的
touching,接触
virus,病毒
realise,意识到
torture,酷刑
blessed,祝福
plain,清楚的
rebecca,丽贝卡
recent,最近的
barbara,芭芭拉
footsteps,脚步
sacred,神圣
removed,删除
pretending,假装
wasted,浪费
jewish,犹太人
goodnight,晚安
robot,机器人
crystal,水晶
confirm,确认
lad,小伙子
mile,英里
division,分配
scratch,划痕
reminds,提醒
walks,散步
ending,结尾
russia,俄罗斯
contest,比赛
valuable,有价值的
distant,遥远
dumped,倾倒
motion,运动
electricity,电
centre,中心
murders,谋杀
tina,蒂娜
jeremy,杰里米
seal,海豹
standard,标准
ellen,艾伦
wore,穿着
surrounded,包围
struck,击中
inform,通知
gentle,温和的
status,地位
purse,钱包
prints,印刷
players,球员
charged,带电
begging,乞讨
delivered,发表
kenny,肯尼
buck,巴克
nina,妮娜
construction,建造
confirmed,确认的
confession,认罪
trigger,扳机
cells,细胞
frankly,坦率地说
ali,阿里
exit,出口
response,回复
cancel,取消
argument,争论
principal,主要的
turkey,火鸡
lucas,卢卡斯
clinic,诊所
neighbors,邻居
vice,副
toy,玩具
hannah,汉娜
everyday,每天
generous,慷慨的
gain,获得
idiots,白痴
holly,冬青
enjoyed,喜欢
jungle,丛林
link,关联
underground,地下
smiling,微笑
mistress,情妇
teams,团队
product,产品
beef,牛肉
whispers,耳语
religious,宗教
presents,礼物
identify,确认
chip,芯片
surveillance,监视
carlos,卡洛斯
vampire,吸血鬼
routine,常规
uses,用途
michelle,米歇尔
underneath,下
systems,系统
temperature,温度
waves,波浪
tribe,部落
brad,布拉德
deputy,副
sophie,索菲
headquarters,总部
equal,平等的
phones,电话
ken,肯
reckon,估计
related,有关的
incredibly,令人难以置信
chill,寒意
spit,吐
tracks,轨道
oscar,奥斯卡
makeup,化妆品
bug,漏洞
sounded,听起来
spirits,精神
nerve,神经
divorced,离婚
stake,赌注
port,港口
doorbell,门铃
worries,担心
nephew,侄子
miller,磨坊主
units,单位
just-,只是-
proceed,继续
landing,降落
traitor,叛徒
outfit,全套服装
chloe,克洛伊
bail,保释
fields,字段
patience,耐心
recording,记录
foolish,愚蠢
loaded,加载
tokyo,东京
davis,戴维斯
costume,戏服
wayne,韦恩
injured,受伤
somethin,某些人
ian,伊恩
pet,宠物
cage,笼
digging,挖掘
spain,西班牙
seats,座位
awkward,尴尬的
cleaned,清洁
pattern,图案
filthy,污秽
visiting,来访
jews,犹太人
answering,回答
concentrate,集中
someplace,某个地方
citizens,公民
aim,目的
nancy,南希
affairs,事务
thick,厚的
sport,运动
basic,基本的
electric,电的
pleasant,令人愉快的
cliff,悬崖
nail,指甲
russell,罗素
environment,环境
western,西
average,平均的
ease,舒适
raped,强奸
interrupt,打断
judy,朱迪
satisfied,使满意
beep,嘟
starving,饥饿
documents,文件
anniversary,周年纪念日
beth,贝丝
election,选举
warrior,战士
forth,向前
fetch,拿来
banks,银行
placed,放置
timing,定时
stones,石头
complex,复杂的
frozen,冷冻
replace,代替
prayer,祷告
skip,跳过
angeles,安吉利斯
guilt,有罪
tune,调
woo,哇
actions,动作
conscience,良心
officially,正式
martha,玛莎
machines,机器
smaller,较小
determined,决定
blown,吹
hail,冰雹
unhappy,不开心
booth,展位
pour,倒
berlin,柏林
cleared,清除
packed,包装
wrap,裹
randy,兰迪
behalf,代表
reasonable,合理的
trunk,树干
homes,房屋
festival,节日
tradition,传统
cigarettes,香烟
beside,旁
harvey,哈维
motive,动机
beings,生物
bishop,主教
dealer,经销商
defendant,被告
backup,备份
wounds,伤口
ouch,哎哟
ann,安
nearby,附近
drank,喝
effects,效果
jonathan,乔纳森
dennis,丹尼斯
benefit,益处
adventure,冒险
territory,领土
apology,道歉
dylan,迪伦
unlike,与众不同
owns,拥有
boxes,盒子
thus,因此
clay,黏土
developed,发达
busted,破碎
pipe,管道
gray,灰色的
goods,商品
favourite,最喜欢的
salad,沙拉
loyal,忠诚
atmosphere,气氛
eva,伊娃
freaking,怪胎
dropping,下降
strangers,陌生人
mouse,老鼠
downtown,市中心
francisco,弗朗西斯科
heroes,英雄
pit,坑
rotten,烂
paradise,天堂
meantime,与此同时
jess,杰西
organization,组织
hills,丘陵
exam,考试
cock,公鸡
fairy,仙女
earl,伯爵
comment,评论
activity,活动
frame,框架
knight,骑士
testing,测试
habit,习惯
shelter,庇护所
flow,流动
jennifer,詹妮弗
holes,孔
prevent,防止
anthony,安东尼
lend,借
cooper,库珀
figures,人物
boston,波士顿
sample,样本
strip,条
landed,登陆
buzzing,嗡嗡作响
monk,僧
slightly,轻微地
produce,生产
annoying,恼人的
judgment,判断
laundry,洗衣店
ron,罗恩
lousy,糟糕
souls,灵魂
existence,存在
belly,腹部
tries,尝试
foster,促进
returning,返回
answered,回答
ward,病房
plants,植物
actress,演员
chairman,主席
individual,个人
hopes,希望
tattoo,纹身
fence,栅栏
sink,下沉
punk,朋克
confident,自信的
yay,耶
mistaken,错误
limit,限制
bothering,困扰
st,英石
uncomfortable,不舒服
wednesday,周三
gifts,礼物
policeman,警察
precisely,恰恰
lawyers,律师
greek,希腊语
merely,仅仅
criminals,罪犯
underwear,内衣
hoped,希望
earned,赢得了
reveal,揭示
appeared,出现
derek,德里克
heavens,天
personality,性格
batman,蝙蝠侠
virginia,弗吉尼亚
wives,妻子
colour,颜色
worker,工人
pope,教皇
instructions,指示
intelligent,聪明的
worrying,令人担忧
vince,文斯
cried,哭了
traveling,旅行
bells,铃铛
impact,影响
robbed,抢劫
relief,宽慰
host,主持人
footage,镜头
odds,赔率
patrol,巡逻
circus,马戏团
mud,泥
captured,被捕获
lessons,教训
occasion,场合
sets,套
pulse,脉冲
ad,广告
invented,发明
diamonds,钻石
matthew,马修
auntie,阿姨
cloud,云
francis,弗朗西斯
angels,天使
hers,她的
classes,课程
signature,签名
complain,抱怨
blah,等等
monitor,监视器
options,选项
claims,主张
flies,苍蝇
pat,拍
britain,英国
hid,隐藏
wailing,哭泣
listened,听
countries,国家
yell,叫喊
rats,老鼠
wondered,想知道
smooth,光滑的
resist,抵抗
companies,公司
fantasy,幻想
passport,护照
pitch,沥青
hammer,锤子
homicide,杀人
casey,凯西
holds,持有
flew,飞行
jacob,雅各布
noon,中午
helicopter,直升机
dishes,菜
spin,旋转
charm,魅力
slap,拍击
apply,申请
fools,傻瓜
screeching,尖叫
discover,发现
previous,以前的
kit,成套工具
authorities,当局
photograph,照片
sales,销售量
fifty,五十
mickey,米奇
beneath,下面
farewell,告别
clouds,云
slipped,滑倒
represent,代表
deaf,聋
facing,面对
offense,罪行
citizen,公民
clown,小丑
snap,折断
messing,混乱
hood,兜帽
twelve,十二
interests,利益
cheated,作弊
liz,丽兹
informed,通知
humanity,人性
producer,制作人
technically,从技术上讲
accounts,帐户
extreme,极端
gettin,Gettin
cia,中央情报局
ii,ii
pays,付款
profile,轮廓
oxygen,氧
jeez,耶斯
gene,基因
shed,棚
minor,次要的
ex,前任
theatre,剧院
scientific,科学
lovers,恋人
chaos,混乱
l.a.,洛杉矶
rocket,火箭
math,数学
stubborn,固执的
august,八月
chips,筹码
intense,激烈的
grey,灰色的
talkin,说话
terrorist,恐怖分子
angle,角度
invitation,邀请
gus,古斯
gambling,赌博
respond,回应
thirty,三十
procedure,程序
absolute,绝对
investigate,调查
tragedy,悲剧
stable,稳定的
session,会议
capture,捕获
marrying,结婚
ripped,撕裂
attacks,攻击
stretch,拉紧
bush,衬套
dates,日期
unable,无法
gates,大门
mars,火星
artists,艺术家
increase,增加
tastes,口味
cared,在乎
bottles,瓶子
highest,最高
whirring,呼啸
meanwhile,同时
nate,内特
grabbed,抓住
pigs,猪
chop,劈
olivia,奥利维亚
wheels,车轮
shocked,震惊
reverend,牧师
commercial,商业的
escort,护送
engagement,订婚
corpse,尸体
louise,路易丝
worthy,值得
scale,规模
beats,节拍
williams,威廉姆斯
threatening,威胁
exists,存在
academy,学院
acts,行为
hop,跳
judges,法官
shared,共享
ralph,拉尔夫
consequences,结果
engineer,工程师
schools,学校
softly,轻轻的
bombs,炸弹
caroline,卡罗琳
shark,鲨鱼
transport,运输
population,人口
succeed,成功
creepy,爬行
sneak,潜行
studies,学习
destruction,破坏
keith,基思
protected,受保护
monsters,怪物
joining,加入
punished,受到惩罚
lightning,闪电
malcolm,马尔科姆
shell,壳
fascinating,迷人
chamber,腔室
ethan,伊桑
romance,浪漫
instance,实例
jumping,跳跃
groups,组
exhausted,筋疲力尽的
testify,作证
studied,研究
walker,沃克
pin,别针
imagined,想象
drill,钻头
investigating,调查
ye,是的
experienced,有经验的
elena,埃琳娜
necklace,项链
loyalty,忠诚
junk,垃圾
cole,油菜
cries,哭泣
stanley,斯坦利
rita,丽塔
southern,南部
blocks,块
emotions,情绪
begun,开始
maya,玛雅
liver,肝
serving,服务
matches,火柴
surgeon,外科医生
granted,的确
jazz,爵士乐
july,七月
supplies,补给品
deeper,更深
typical,典型的
kicking,踢
obey,遵守
dancer,舞蹈家
remote,偏僻的
moron,白痴
latin,拉丁
teachers,教师
toby,托比
sandy,沙
dragged,拖了
strategy,战略
parent,父母
jin,斤
album,专辑
compared,比较的
rubbish,垃圾
helpful,有帮助
powder,粉末
sync,同步
bum,屁股
passes,通过
joan,琼
fort,堡
choices,选择
alley,胡同
supper,晚餐
penis,阴茎
sammy,萨米
pole,极
coke,可乐
scientist,科学家
fighter,战斗机
highway,高速公路
blade,刀刃
diet,饮食
liquor,酒
jet,喷射
widow,寡妇
liberty,自由
philip,菲利普
moral,道德
carrie,嘉莉
award,奖
grief,悲伤
thirsty,渴
ashley,阿什利
random,随机的
suspects,嫌疑人
intention,意图
julian,朱利安
active,积极的
tools,工具
driven,驱动
trauma,创伤
headache,头痛
safely,安全
alexander,亚历山大
knee,膝盖
lads,小伙子
novel,小说
conversations,对话
waters,水
lookin,在看
internal,内部的
peaceful,平静的
humming,嗡嗡作响
washed,洗了
drives,驱动器
talented,才华横溢
li,李
aid,援助
elephant,大象
troubles,麻烦
core,核
serial,系列
painted,绘
the,这
divine,神
jam,果酱
goat,山羊
opera,歌剧
thieves,小偷
guessing,猜测
objection,异议
whiskey,威士忌酒
florida,佛罗里达
resistance,反抗
dressing,敷料
attached,随附的
aaron,亚伦
brief,简短的
punish,惩治
eternal,永恒
lois,路易斯
and,和
required,必需的
victoria,维多利亚
fabulous,极好
twins,双胞胎
characters,人物
cooked,煮熟
ruth,露丝
dreamed,梦见
arts,艺术
naughty,淘气
stabbed,被刺伤
tend,趋向
diane,黛安
tap,轻敲
soap,肥皂
locker,储物柜
development,发展
images,图片
prick,刺
global,全球的
string,细绳
bitter,苦的
sharing,分享
corn,玉米
craig,克雷格
fits,适合
tent,帐篷
forms,形式
votes,投票
harold,哈罗德
propose,提出
monica,莫妮卡
constantly,不断地
granny,奶奶
nicely,很好
nerves,神经
arguing,争论
abuse,虐待
relatives,亲戚们
survival,生存
gloves,手套
tracking,追踪
zoe,佐伊
u,你
bend,弯曲
review,审查
connect,连接
separated,分开
elder,长老
beard,胡须
admiral,上将
diana,戴安娜
salary,薪水
areas,区域
disturb,打扰
pro,Pro
maintain,维持
solved,解决了
wealth,财富
bitches,bit子
possession,拥有
sang,唱歌
gimme,吉姆
plates,盘子
shoulders,肩膀
burnt,烧毁
recorded,记录
upper,上
counts,计数
tale,故事
profit,利润
colleague,同事
warehouse,仓库
hostage,人质
shore,支撑
porn,A片
miami,迈阿密
fifteen,十五
visitors,访客
net,网
insult,侮辱
owen,欧文
cities,城市
causing,引起
lemon,柠檬
heal,愈合
banging,爆炸
honeymoon,蜜月
appeal,上诉
marshall,马歇尔
critical,批判的
creating,创建
scotland,苏格兰
crane,起重机
enormous,巨大的
testimony,见证
praise,称赞
fights,战斗
indians,印第安人
commission,委员会
growls,咆哮
nicole,妮可
sins,罪
fraud,欺诈罪
branch,分支
happily,快乐
bout,回合
covering,覆盖
occurred,发生
beans,豆子
raw,生的
muscle,肌肉
pages,页面
tense,紧张
relationships,关系
management,管理
assignment,任务
blonde,金发
catching,捕捉
exposed,裸露
canada,加拿大
dont,不
han,汉
von,冯
comedy,喜剧
marco,马可
stroke,中风
whistling,吹口哨
buildings,建筑物
shaking,颤抖
p.m.,下午
facility,设施
appropriate,合适的
remarkable,卓越
transferred,转入
drawn,画
tits,山雀
clicking,点击
symbol,象征
motor,发动机
employees,雇员
ambassador,大使
mothers,母亲
pile,桩
feeding,进食
soda,苏打
checks,检查
bears,熊
cookies,饼干
slut,荡妇
awfully,非常
stepped,走了
toys,玩具
levels,水平
differently,对不同
magnificent,华丽的
steak,牛扒
tube,管子
leaders,领导者
superior,优越的
herr,赫尔
pan,平底锅
expression,表达
currently,现在
throne,王座
deadly,致命
bee,蜜蜂
tooth,齿
depressed,郁闷
potatoes,土豆
wicked,邪恶
resources,资源
native,本国的
centuries,几个世纪
karl,卡尔
poetry,诗歌
multiple,多种的
cable,电缆
shortly,不久
buzz,嗡嗡声
socks,袜子
fingerprints,指纹
goddess,女神
chin,下巴
anxious,焦虑的
colors,颜色
basketball,篮球
promises,承诺
explained,解释了
appearance,外貌
musical,音乐
sends,发送
slide,滑动
shawn,肖恩
ultimate,最终的
pork,猪肉
communication,沟通
payment,支付
structure,结构
paperwork,文书工作
obsessed,痴迷
lazy,懒惰的
russians,俄罗斯人
actors,演员
squeeze,挤
magical,神奇
colleagues,同事
admire,钦佩
madness,疯狂
roads,道路
entry,入口
injury,受伤
burden,负担
racing,赛车
manner,方式
freezing,冷冻
bits,位
norman,诺曼
mount,山
battery,电池
dessert,甜点
pound,磅
visited,参观
motel,汽车旅馆
rumbling,隆隆声
cinema,电影
fond,喜欢
halfway,半
rifle,步枪
reception,接待
statue,雕像
fridge,冰箱
brick,砖
abandon,放弃
lap,圈
natalie,娜塔莉
wars,战争
recommend,推荐
brush,刷子
nelson,纳尔逊
pill,丸
concept,概念
delay,延迟
quarters,季度
korea,韩国
janet,珍妮特
rub,擦
mall,购物中心
soil,土壤
complaint,抱怨
sail,帆
baker,贝克
coughs,咳嗽
bucket,桶
description,描述
badge,徽章
measure,措施
hip,时髦的
function,功能
indistinctly,模糊
harris,哈里斯
foundation,基础
labor,劳动
willie,威利
waiter,服务员
homeless,无家可归
proved,证实
unfortunate,不幸的
log,日志
meetings,会议
giggles,咯咯笑
combat,战斗
poem,诗
polish,抛光
handed,手
mia,米娅
weed,杂草
raymond,雷蒙德
tons,吨
satellite,卫星
jersey,球衣
eagle,鹰
privacy,隐私
chapter,章节
treating,治疗
wisdom,智慧
flip,翻动
entering,进入
barn,谷仓
farmer,农民
clan,氏族
budget,预算
pub,酒吧
temporary,暂时的
effective,有效的
sonny,桑尼
wendy,温迪
juan,胡安
lamb,羊肉
plot,阴谋
riley,莱利
proposal,提议
sticks,棍子
searched,搜索
blessing,祝福
rage,愤怒
bothered,打扰
sydney,悉尼
basis,基础
manners,举止
recover,恢复
twist,捻
neil,尼尔
leak,泄露
item,物品
catholic,天主教徒
sighing,叹气
retired,退休
kings,国王
inner,内
cents,美分
affect,影响
forbidden,禁止
patch,修补
drops,滴
necessarily,一定
provided,假如
meters,仪表
booked,预订
returns,返回
gloria,格洛里亚
fires,火
humor,幽默
torn,撕裂
e-mail,电子邮件
rocky,岩石
introduced,引入
creative,有创造力的
betray,背叛
soviet,苏联
various,各种各样的
added,添加
discovery,发现
cowboy,牛仔
suspected,怀疑
suggested,建议
delighted,高兴极了
sticking,粘着
dive,潜水
radar,雷达
prosecutor,检察官
amber,琥珀色
vast,广阔的
quinn,奎因
owned,拥有
cookie,曲奇饼
finest,最好
pump,泵
valentine,情人
counter,柜台
sorts,等
coin,硬币
warren,沃伦
slaves,奴隶
marine,海洋
illness,疾病
sack,解雇
bid,出价
require,要求
moscow,莫斯科
largest,最大
washing,洗涤
achieve,达到
causes,原因
k,k
mo,莫
dope,涂料
nest,巢
palm,棕榈
logan,洛根
constant,持续的
b.,b。
boo,嘘
medication,药物
gravity,重力
booze,豪饮
noah,诺亚
evan,埃文
abroad,国外
christine,克里斯汀
rising,上升
analysis,分析
cuts,切割
eats,吃
employee,员工
vodka,伏特加酒
damaged,损坏的
solar,太阳的
height,高度
pops,流行音乐
yards,院子
terrified,害怕
suitcase,手提箱
chemical,化学
preparing,准备
advanced,先进的
fund,基金
wears,穿
web,网络
phase,阶段
prom,舞会
suggesting,建议
fleet,舰队
lame,瘸
irish,爱尔兰人
editor,编辑
october,十月
assumed,假定
whip,鞭子
mel,梅尔
region,地区
amongst,中间
temper,脾气
discussion,讨论
engines,引擎
operate,操作
sunshine,阳光
acted,行动
undercover,秘密
horror,恐怖
tested,测试
smash,粉碎
contrary,相反
roses,玫瑰
poker,扑克
wrapped,包裹
korean,韩国人
graham,格雷厄姆
ivan,伊万
focused,集中
liam,利亚姆
tragic,悲惨
carla,卡拉
demons,恶魔
rounds,回合
entertainment,娱乐
gathered,聚集
uhh,嗯
yells,大喊
lincoln,林肯
crossing,交叉
blanket,毯子
nut,坚果
travis,特拉维斯
pockets,口袋
limited,有限的
paintings,绘画
sober,清醒
caesar,凯撒
intended,故意的
niece,侄女
computers,电脑
tennis,网球
needle,针
chicks,小鸡
traditional,传统的
delicate,精美的
independent,独立的
leslie,莱斯利
lauren,劳伦
grandson,孙子
repair,维修
executive,管理人员
colin,科林
recognized,认可
holmes,福尔摩斯
regarding,关于
weakness,弱点
aliens,外星人
gunshots,枪声
european,欧洲的
method,方法
tool,工具
demands,需要
permit,允许
towel,毛巾
daisy,雏菊
nowadays,如今
spider,蜘蛛
northern,北方
rangers,护林员
zoo,动物园
praying,祈祷
antonio,安东尼奥
passengers,乘客
con,骗子
australia,澳大利亚
technique,技术
cellphone,手机
gently,轻轻地
operations,操作
planes,飞机
bunny,兔子
gunfire,炮火
shining,闪亮的
backwards,向后
skill,技能
uh-,嗯 -
baron,男爵
kidnapping,绑架
iike,艾克
marshal,元帅
petty,小气
sealed,密封
massage,按摩
raising,提高
menu,菜单
diary,日记
fucker,笨蛋
wagon,车皮
audition,试镜
mitch,米奇
mexican,墨西哥
casino,赌场
bacon,熏肉
diego,迭戈
promotion,晋升
click,点击
forgiveness,饶恕
burst,爆裂
permanent,永恒的
interfere,干扰
chanting,诵经
dammit,该死
spencer,斯宾塞
recovered,恢复
registered,挂号的
sunny,阳光明媚
packing,包装
scenes,场景
superman,超人
questioning,询问
unfair,不公平
admitted,承认
ancestors,祖先
completed,完全的
swallow,吞
conduct,执行
prayers,祈祷
sheet,床单
fried,油炸
avenue,大街
poisoned,中毒
reverse,撤销
newspapers,报纸
ford,福特
complaining,抱怨
senses,感官
investment,投资
absurd,荒诞
potato,土豆
understands,理解
grows,成长
inspired,启发
ruby,红宝石
celebrating,庆祝
tag,标签
ram,内存
requires,需要
bonnie,邦妮
bugs,错误
leonard,伦纳德
elliot,艾略特
hooked,迷上了
jill,吉尔
ranch,牧场
safer,更安全
worn,磨损
crashing,崩溃
lands,土地
heather,希瑟
ash,灰
leather,皮革
grounds,理由
assuming,假设
nails,指甲
dana,达娜
conspiracy,阴谋
thanksgiving,感恩
pierre,皮埃尔
guardian,监护人
rumors,谣言
yen,日元
megan,梅根
ashes,骨灰
terror,恐怖
misunderstanding,误解
tire,胎
boats,船
parade,游行
halt,停
immunity,免疫
adults,成年人
steam,蒸汽
kang,炕
closely,密切
pearl,珍珠
soccer,足球
adrian,阿德里安
priority,优先事项
shouts,大喊
donald,唐纳德
happier,更快乐
khan,可汗
struggling,挣扎
root,根
larger,更大
november,十一月
boot,引导
conflict,冲突
laughed,笑了
debbie,黛比
cherry,樱桃
honking,鸣叫
concerns,关注
celebration,庆典
sore,疮
unconscious,无意识
cattle,牛
breasts,乳房
fairly,相当
fee,费用
recognise,认出
wade,韦德
radiation,辐射
holidays,假期
raining,下雨
forgetting,忘记
lungs,肺
register,登记
shadows,阴影
specifically,具体来说
sarge,萨格
ideal,理想的
turtle,龟
spoil,变质
deserved,应得的
ronnie,罗尼
gina,吉娜
candidate,候选人
lance,槊
types,类型
bloke,家伙
explode,爆炸
immediate,即时
belonged,属于
identified,确定
hunger,饥饿
closest,最接近
combination,组合
nanny,保姆
seth,塞思
gabriel,加百列
develop,发展
detectives,侦探
severe,严重
organized,有组织
franklin,富兰克林
gut,肠
splendid,灿烂
dismissed,被解雇
pm,下午
yang,杨
halloween,万圣节
ellie,艾莉
vulnerable,易受伤害的
continued,继续
vital,必不可少的
comrades,同志
bureau,局
drawer,抽屉
harper,哈珀
retreat,撤退
carson,卡森
benny,本尼
pillow,枕头
troy,特洛伊
ace,高手
cart,大车
nap,小憩
chan,陈
ham,火腿
announce,宣布
borrowed,借
parked,停放
galaxy,星系
voted,投票
muffled,闷闷不乐
sebastian,塞巴斯蒂安
mmm-hmm,嗯，嗯
jewelry,珠宝
luggage,行李
groom,马夫
oops,糟糕
lighter,打火机
masters,大师
alliance,联盟
buddies,伙伴
clothing,衣服
denied,否认
drown,淹
alike,一样
excellency,阁下
relative,相对的
photographs,照片
burger,汉堡包
dough,面团
alicia,艾丽西亚
wreck,破坏
approve,批准
produced,生产
christina,克里斯蒂娜
physically,身体上
stations,车站
eli,埃利
samantha,萨曼莎
spiritual,精神
sire,父亲
roaring,咆哮
stab,刺
inch,英寸
servants,仆人
limits,极限
unexpected,意外
arrival,到达
whimpering,抱怨
basket,篮子
sheets,床单
scandal,丑闻
stink,臭
homer,荷马
tara,塔拉
christopher,克里斯托弗
toes,脚趾
shield,盾
shooter,射手
instant,立即的
objects,对象
rehearsal,排演
disturbing,令人不安的
directed,指导
scan,扫描
electronic,电子的
republic,共和国
overnight,过夜
counsel,法律顾问
sirens,警报器
dorothy,多萝西
bait,饵
dignity,尊严
explains,解释
lean,倾斜
heroin,海洛因
tracy,特雷西
rex,雷克斯
barney,巴尼
gossip,八卦
humble,谦逊的
economy,经济
impress,印象深刻
clara,克拉拉
tissue,组织
threaten,威胁
et,等
bump,撞
supreme,最高
bingo,答对了
mitchell,米切尔
excitement,激动
mankind,人类
document,文档
broad,广阔
vietnam,越南
vessel,血管
lit,点燃
dale,戴尔
killers,杀手
connor,康纳
mario,马里奥
foul,犯规
stare,盯
deaths,死亡人数
hut,小屋
elements,元素
coma,昏迷
laying,铺设
coffin,棺材
paula,宝拉
cocaine,可卡因
puppy,小狗
louder,大声
handled,处理
announcement,公告
oath,誓言
mob,暴民
cotton,棉布
deposit,订金
taxes,税
injuries,受伤
jen,詹
autopsy,尸检
advise,建议
gig,演出
lecture,演讲
posted,发表
skinny,瘦骨嶙峋的
include,包括
revealed,揭示
infected,已感染
relieved,松了一口气
assistance,协助
solo,独奏
determine,决定
terrorists,恐怖分子
elsewhere,别处
lamp,灯
practical,实际的
marked,标记
adorable,可爱
rubber,橡皮
purple,紫色的
operating,操作
suite,套房
apologies,道歉
personnel,人员
beam,光束
poet,诗人
samples,样品
arrow,箭
counselor,顾问
carpet,地毯
allen,艾伦
audrey,奥黛丽
spotted,斑
floating,漂浮的
corrected,纠正
located,位于
journalist,记者
insisted,坚持
operator,操作员
singh,辛格
fooled,愚弄了
arrives,到达
leon,莱昂
walt,沃尔特
eastern,东
ay,是的
shave,刮胡子
remaining,其余的
toss,折腾
anderson,安德森
lip,唇
acid,酸
nora,诺拉
december,十二月
anonymous,匿名的
inn,客栈
planted,种植
oldest,最老的
breast,胸部
sixth,第六
error,错误
reporting,报告
egypt,埃及
islands,岛屿
brother-in-law,小舅子
jules,朱尔斯
roommate,室友
sings,唱歌
scum,浮渣
visitor,游客
giggling,咯咯笑
described,描述
inches,英寸
commitment,承诺
hercules,大力神
react,反应
cows,牛
protest,反对
misery,苦难
theft,盗窃
darn,该死
harsh,残酷的
andrea,安德里亚
communicate,交流
fathers,父亲
faithful,可信
hector,赫克托
uh-uh,嗯
flame,火焰
medal,勋章
silk,丝绸
photographer,摄影师
trevor,特雷弗
cemetery,公墓
rear,后部
freddy,弗雷迪
banana,香蕉
allison,艾莉森
emotion,情感
chap,第一章
dated,过时的
excuses,借口
shitty,卑鄙
bin,垃圾桶
jew,犹
gum,胶
crushed,碎
efforts,努力
content,内容
corporal,下士
realised,实现
del,del
rap,说唱
hopeless,绝望
debate,辩论
era,时代
luckily,幸运的是
ton,吨
liquid,液体
swell,胀
peggy,佩吉
feast,盛宴
murphy,墨菲
attracted,吸引了
application,应用
profession,职业
bench,长椅
vanessa,凡妮莎
ahem,哎呀
symptoms,症状
scout,侦察
crashed,坠毁
keen,敏锐的
aircraft,飞机
formed,形成
hon,荣誉
aggressive,挑衅的
pale,苍白
significant,重要的
duncan,邓肯
clubs,俱乐部
visual,视觉的
embassy,大使馆
defence,防御
cabinet,内阁
display,展示
fame,名望
gibbs,吉布斯
drowned,溺水
wolves,狼
filming,拍摄
dunno,不知道
cursed,诅咒
twin,双胞胎
sorrow,悲哀
vault,金库
defeated,被击败
quote,引用
penalty,惩罚
bargain,便宜货
pepper,胡椒
speaker,扬声器
compare,比较
satan,撒但
helmet,头盔
scar,瘢痕
copies,副本
fuss,大惊小怪
envelope,信封
perry,佩里
stinks,臭
african,非洲人
arrangements,安排
wished,希望
honored,荣幸
believing,相信
discussed,讨论
assigned,分配
rosa,罗莎
oven,烤箱
jenna,珍娜
attacking,进攻
tin,锡
sonic,声音
collar,衣领
mere,仅仅
romeo,罗密欧
belief,信仰
storage,贮存
rusty,生锈
climbing,攀登
melissa,梅利莎
fears,恐惧
sum,和
dedicated,投入的
ladder,梯子
alternative,选择
raid,袭击
dining,用餐
ms,多发性硬化症
corporate,公司的
folk,民间
jon,乔恩
replaced,更换
bailey,贝利
un,联合国
heels,高跟鞋
duties,职责
smarter,更聪明
existed,存在
surprising,奇怪
chess,棋
requested,要求
cruise,巡航
primary,基本的
rhythm,韵律
drum,鼓
models,楷模
motorcycle,摩托车
adopted,采用
barrel,桶
cargo,货物
planets,行星
shove,推
wha,世界卫生大会
surprises,惊喜
rosie,罗西
dings,叮当
trailer,预告片
cannon,大炮
tables,表
arse,屁股
ally,盟友
lawrence,劳伦斯
wee,we
tapes,磁带
dull,乏味的
teenage,青少年
kent,肯特
cooperate,合作
risks,风险
dug,挖
worthless,毫无价值
arriving,到达
kindness,善良
ties,关系
items,项目
and-,和-
grip,紧握
relations,关系
rumor,谣言
skirt,裙子
frog,青蛙
paige,佩奇
lloyd,劳埃德
claimed,声称
perfume,香水
instrumental,乐器
flames,火焰
association,协会
loses,丢失
january,一月
spike,长钉
israel,以色列
eleven,十一
gallery,画廊
ginger,姜
activities,活动
iraq,伊拉克
boarding,登机
fist,拳头
stuffed,塞满
improve,提升
creation,创建
connie,康妮
infection,感染
strikes,罢工
wiped,擦拭
tension,紧张
whistles,哨子
kindly,亲切地
certificate,证书
curtis,柯蒂斯
bold,大胆的
threats,威胁
claudia,克劳迪娅
sid,席德
twisted,扭曲
suspended,暂停
affected,做作的
envy,嫉妒
whale,鲸
dial,拨号
cameron,卡梅伦
martial,武术
controlled,受控
nigga,黑鬼
coal,煤炭
upside,上升
imperial,帝国
pam,帕姆
paranoid,偏执
signing,签名
congress,国会
villa,别墅
candles,蜡烛
filling,填充
becky,贝基
comic,漫画
faint,头晕的
recovery,恢复
volunteer,志愿者
tech,技术
bleed,流血
positions,位置
cindy,辛迪
narrow,狭窄的
forbid,禁止
stuart,斯图尔特
perspective,看法
faced,面对
neat,整洁的
pierce,刺穿
observe,观察
cycle,循环
psychic,精神
handling,处理
goose,鹅
accidentally,偶然
conclusion,结论
designer,设计师
sits,坐着
importance,重要性
spots,斑点
francs,法郎
sweep,扫
destroying,破坏
communist,共产
blackmail,勒索
pacific,太平洋
risky,有风险
glorious,辉煌
filed,提起
hatred,仇恨
cam,凸轮
deals,交易
fooling,愚弄
persons,人
scotch,苏格兰人
executed,执行
brakes,刹车
blank,空白的
tender,投标
kurt,库尔特
turner,车工
tub,浴缸
sucker,吸盘
slight,轻微
addition,添加
campus,校园
ritual,仪式
prey,猎物
so-called,所谓的
graduate,毕业
anyways,无论如何
fry,炒
genuine,真的
ned,内德
judging,评判
doubts,怀疑
warden,监狱长
ceiling,天花板
practicing,练习
somewhat,有些
established,已确立的
attempted,尝试
zombie,僵尸
generations,几代人
yöu,你
gathering,搜集
warriors,战士
mick,米克
electrical,电气
collins,柯林斯
sobs,抽泣
couples,夫妻
depend,依靠
institute,研究所
miranda,米兰达
principle,原则
fixing,定影
therapist,治疗师
compete,竞争
compliment,赞扬
worship,崇拜
residence,住宅
democracy,民主
joel,乔尔
published,出版
myth,神话
helpless,无助
screwing,拧紧
kennedy,肯尼迪
execution,执行
appetite,食欲
formal,正式的
strictly,严格
sucked,吮吸
tanks,坦克
chickens,鸡
gwen,格温
technical,技术的
stella,斯特拉
rod,杆
meets,见面
shepherd,牧羊人
brazil,巴西
brutal,野蛮
alison,艾莉森
vain,徒劳
deer,鹿
brooklyn,布鲁克林
dresses,连衣裙
retire,退休
overcome,克服
inspiration,灵感
benjamin,本杰明
nicky,尼基
thrilled,激动
tae,泰
suggestion,建议
dummy,假的
sailor,水手
destination,目的地
bass,低音
picnic,野餐
assholes,混蛋
idol,偶像
trucks,卡车
